id;vorname;nachname;aktiv;geschlecht;tel;email;alter;strasse;hausnr;stadt;plz;verein1;verein2;verein3;mitglnr;name;geburtstag;adresse1;adresse2;adresse3;adresse4;vereinsnr;position;name_kopie;nr;aktivesMitglied;geburstdatum;str;haus;mitgliedVereinA;mitgliedVereinB
1.0;Jean;Willis;N;Male;(876) 483-7689;uvehiw@lu.bd;65.0;Pagul Terrace;65;Izuajzod;90382;2.0;9.0;11.0;;;;;;;;;;;;;;;;;
2.0;Sylvia;Wheeler;Y;Male;(930) 772-9727;vivcuho@vov.gn;60.0;Wium Point;36;Lizcarda;43558;;9.0;18.0;;;;;;;;;;;;;;;;;
3.0;Corey;Wells;1;Female;(614) 848-3778;bolhanza@pin.pr;63.0;Zejlem River;49;Hegolsoc;;4.0;1.0;6.0;;;;;;;;;;;;;;;;;
4.0;Gertrude;Estrada;N;Male;(546) 721-7634;locez@puktiges.td;23.0;Maloz Mill;59;Cuegcew;10162;8.0;1.0;4.0;;;;;;;;;;;;;;;;;
5.0;Louis;Pratt;N;Male;(766) 904-9447;vag@toclelapi.mx;22.0;Hotot Path;57;Deodeimu;4608;7.0;4.0;13.0;;;;;;;;;;;;;;;;;
6.0;Elmer;Munoz;N;Male;(656) 381-6666;kotpalvuw@wiot.lu;26.0;Sakuk Turnpike;33;Nimvale;68292;9.0;13.0;12.0;;;;;;;;;;;;;;;;;
7.0;Blanche;Ray;Y;Male;(716) 396-7471;ku@ju.pf;38.0;Acuk Key;38;Libbeze;24777;10.0;19.0;14.0;;;;;;;;;;;;;;;;;
8.0;Luis;McKinney;N;Female;(311) 638-3393;su@kumoc.gf;37.0;Lojeg Park;45;Jujucenoz;75320;7.0;14.0;21.0;;;;;;;;;;;;;;;;;
9.0;Bradley;Dawson;N;Male;(471) 243-4717;vah@;41.0;Hehfo Glen;;Otufuhor;20271;7.0;3.0;17.0;;;;;;;;;;;;;;;;;
10.0;Julia;Norton;N;Male;(424) 729-8953;siuposap@sunsec.sb;65.0;Ivdi Park;48;Jefawne;99360;3.0;3.0;;;;;;;;;;;;;;;;;;
11.0;Gary;Ryan;Y;Female;(441) 280-7022;cib@jojetse.mp;65.0;Vopan Point;38;Zineha;94410;10.0;17.0;5.0;;;;;;;;;;;;;;;;;
12.0;Glenn;Ramos;Y;Female;(615) 922-8858;sibzosco@hikapre.tk;41.0;Sibu Square;21;Lalogeko;44354;5.0;19.0;29.0;;;;;;;;;;;;;;;;;
13.0;Lottie;Colon;N;Male;(333) 855-9817;nacoko@luflucge.cy;34.0;Ujjic Ridge;44;Akalorkov;83636;6.0;8.0;14.0;;;;;;;;;;;;;;;;;
14.0;Jerome;Young;Y;Male;(929) 312-1234;lonjop@zikabif.bi;33.0;Wivu Plaza;65;Momokini;64818;9.0;;26.0;;;;;;;;;;;;;;;;;
15.0;Lillie;Pratt;N;Male;(370) 774-5451;bub@wadwap.bf;55.0;Rebej Square;64;Novjephud;30791;1.0;;20.0;;;;;;;;;;;;;;;;;
17.0;Lora;Franklin;Y;Male;(680) 637-7970;ro@tozbabjuh.cw;47.0;Lepvun Grove;43;Uheovjor;92571;8.0;6.0;1.0;;;;;;;;;;;;;;;;;
18.0;Bernice;Ortiz;Y;Male;(517) 633-6780;vulbeti@wimzidup.st;48.0;Webdo Point;62;Sofudewo;92571;6.0;3.0;16.0;;;;;;;;;;;;;;;;;
19.0;Miguel;Floyd;N;Male;(386) 254-2107;ecnivef@ruwcuba.ec;45.0;Otso Way;62;Zasfavak;6296;7.0;13.0;9.0;;;;;;;;;;;;;;;;;
20.0;Lenora;Lloyd;Y;Female;(501) 716-1767;eci@cu.an;63.0;Siguk Street;29;Huhejju;59435;6.0;7.0;13.0;;;;;;;;;;;;;;;;;
21.0;Hunter;Wise;N;Male;(920) 785-8070;sor@tasgis.ba;21.0;Epiiki Plaza;29;Asevabi;80902;;6.0;26.0;;;;;;;;;;;;;;;;;
22.0;Miguel;Huff;N;Female;(417) 377-5342;dartiz@vopukav.tw;22.0;Ciptin Way;46;Bolebeof;38544;3.0;14.0;19.0;;;;;;;;;;;;;;;;;
23.0;Raymond;Fuller;Y;Female;(879) 931-6483;mosedegi@locansu.om;58.0;Fada Park;19;Sofbonfoh;67923;10.0;5.0;17.0;;;;;;;;;;;;;;;;;
24.0;Cole;Ramirez;N;Male;(729) 781-3965;bac@revuk.by;25.0;Zomif Park;42;Nevbukfuf;88272;2.0;20.0;8.0;;;;;;;;;;;;;;;;;
25.0;Jane;Simpson;N;Male;(708) 451-4743;gu@go.ar;50.0;Tojuho Circle;33;Omhippu;32965;4.0;11.0;17.0;;;;;;;;;;;;;;;;;
26.0;Louis;Burgess;N;Male;(856) 949-4490;otizcug@fopav.pg;49.0;Zilpav Avenue;63;Lecepuj;15459;6.0;12.0;19.0;;;;;;;;;;;;;;;;;
27.0;Brent;Banks;N;Male;(486) 251-6309;lefifu@kuide.bw;56.0;Calez Highway;23;Raruted;10378;1.0;5.0;26.0;;;;;;;;;;;;;;;;;
28.0;Eugenia;Mendez;N;Male;(342) 902-5683;dutwiloc@diivi.km;52.0;Comheh Place;49;Gohzecej;36157;10.0;;16.0;;;;;;;;;;;;;;;;;
29.0;Sadie;Fox;Y;Male;(277) 777-4724;nados@juk.ru;50.0;Ezori Drive;52;Nevzezbig;70037;3.0;9.0;14.0;;;;;;;;;;;;;;;;;
30.0;Charles;Richards;Y;Female;(415) 667-4182;jow@abe.cf;32.0;Esuho Boulevard;58;Tavnuklev;86626;6.0;11.0;29.0;;;;;;;;;;;;;;;;;
31.0;Luella;Graves;N;Female;(582) 377-7137;pizkaok@ufas.gw;59.0;Fozug Heights;42;Ureijorar;13744;3.0;11.0;6.0;;;;;;;;;;;;;;;;;
32.0;Landon;Rodriguez;Y;Male;(536) 557-5235;gujzikuz@zossi.no;19.0;Firuh Heights;63;Edufodni;44740;1.0;11.0;6.0;;;;;;;;;;;;;;;;;
33.0;Justin;Burke;N;Male;(670) 427-3944;dofewan@gejoji.tw;22.0;Muvije Loop;34;Rewuimu;92633;8.0;19.0;7.0;;;;;;;;;;;;;;;;;
34.0;Lester;Norris;Y;Female;(779) 838-7770;mahat@boj.ga;58.0;Epaga Manor;55;Adowev;44008;;18.0;29.0;;;;;;;;;;;;;;;;;
35.0;Hannah;West;N;Female;(853) 684-6427;kodem@jo.bo;25.0;Hizuse Mill;25;Ecapozu;78122;7.0;14.0;20.0;;;;;;;;;;;;;;;;;
36.0;Marvin;Perkins;Y;Male;(382) 641-5614;zutvuzgu@cob.sl;23.0;Pava Road;48;Utameli;67301;2.0;9.0;7.0;;;;;;;;;;;;;;;;;
37.0;Viola;Chandler;N;Male;(422) 913-4682;mihgafsu@asozti.ar;44.0;Cumnah Road;31;Akcewha;36218;4.0;5.0;24.0;;;;;;;;;;;;;;;;;
38.0;Jane;Burke;N;Male;(578) 742-6099;he@mo.gf;35.0;Dacsup Pike;36;Pugeha;1490;8.0;16.0;18.0;;;;;;;;;;;;;;;;;
39.0;Catherine;Ramos;Y;Male;(602) 925-1795;heuzatar@difew.je;30.0;Lojor Park;23;Vufacvir;96357;;7.0;20.0;;;;;;;;;;;;;;;;;
40.0;Jerry;Bowers;Y;Male;(340) 661-3255;log@velu.sn;38.0;Gimliz Avenue;29;Feblarne;97033;6.0;;30.0;;;;;;;;;;;;;;;;;
41.0;Max;Manning;N;Male;(300) 678-7121;edvovkap@rouzmo.zw;47.0;Naca Extension;55;Hotegvaw;75934;10.0;16.0;23.0;;;;;;;;;;;;;;;;;
42.0;Lewis;Butler;N;Female;(322) 268-8671;zo@raj.ht;59.0;Ifico Drive;43;Cikopa;41832;;14.0;17.0;;;;;;;;;;;;;;;;;
43.0;Eula;Young;N;Female;(859) 583-1814;rehiku@hepru.pw;40.0;Noptof Glen;19;Vaphimol;43219;1.0;10.0;14.0;;;;;;;;;;;;;;;;;
44.0;Milton;Brewer;Y;Female;(653) 267-8750;zabek@radat.mc;18.0;Mensu View;60;Ajuizzu;36525;7.0;6.0;17.0;;;;;;;;;;;;;;;;;
45.0;Rosalie;Benson;Y;Female;(472) 370-1360;teplikiku@lofulog.bj;44.0;Afeano Highway;35;Berugepum;49492;5.0;10.0;2.0;;;;;;;;;;;;;;;;;
46.0;Josephine;Pearson;N;Male;(558) 952-1279;cejir@udisigve.af.xxx;57.0;Zudel Extension;56;Cubokmil;49551;;6.0;22.0;;;;;;;;;;;;;;;;;
47.0;Paul;Taylor;N;Female;(861) 849-7860;obefumsu@bejce.ne;60.0;Rane Turnpike;64;Zikiruz;89580;5.0;1.0;8.0;;;;;;;;;;;;;;;;;
48.0;Matilda;Warner;Y;Male;(775) 564-4533;jugre@leujnuj.jm;62.0;Noshe Parkway;49;Caehfuw;77562;4.0;12.0;10.0;;;;;;;;;;;;;;;;;
49.0;Adam;Hodges;N;Male;(381) 945-2224;koj@vonapfu.tj;42.0;Magor Parkway;40;Ubucubli;8537;4.0;8.0;11.0;;;;;;;;;;;;;;;;;
50.0;Josephine;Hale;N;Male;(314) 473-7191;no;35.0;Kasov Key;40;Reraviuj;97604;2.0;16.0;10.0;;;;;;;;;;;;;;;;;
51.0;Charles;Brown;N;Female;(980) 427-8571;hic@pir.sv;56.0;Navli Extension;22;Celizi;32758;9.0;1.0;24.0;;;;;;;;;;;;;;;;;
52.0;Eugenia;Greer;;Female;(203) 853-8905;rof@awpijez.ly;26.0;Pihgi Drive;39;Suvicu;35701;1.0;7.0;16.0;;;;;;;;;;;;;;;;;
53.0;Chase;Gutierrez;1;Female;(918) 453-9666;hudcovra@ze.km;32.0;Cejup Plaza;42;Falola;31238;7.0;18.0;11.0;;;;;;;;;;;;;;;;;
54.0;Marcus;Maxwell;N;Female;(419) 403-3162;wo@wedono.sn;25.0;Hesbes Key;29;Muulne;89819;7.0;20.0;16.0;;;;;;;;;;;;;;;;;
55.0;Evelyn;Boone;Y;Female;(751) 664-1569;bacenric@fiir.je;62.0;Pikga Way;31;Afimokgab;68917;8.0;1.0;4.0;;;;;;;;;;;;;;;;;
56.0;Adele;Craig;Y;Female;(341) 480-4417;in@bofwo.br;37.0;Zanuf Manor;62;Epofazuf;59507;1.0;17.0;24.0;;;;;;;;;;;;;;;;;
57.0;Alan;Atkins;N;Female;(559) 987-9413;dolimieb@wuzeubi.ms;25.0;Cujwuz Highway;52;Jipemtu;74572;;;19.0;;;;;;;;;;;;;;;;;
58.0;Maude;Torres;N;Female;(223) 240-4093;gu@fotbewce.ve;53.0;Afvud Terrace;45;Caberoici;16293;7.0;;8.0;;;;;;;;;;;;;;;;;
59.0;Curtis;Meyer;N;Female;(523) 339-7188;ige@riwfi.fm;24.0;Piazu Heights;133333;Gukasa;1612;;;26.0;;;;;;;;;;;;;;;;;
60.0;Jay;Murray;Y;Female;(878) 916-6757;evidad@vigon.za;45.0;Maref Park;40;Uhivutfiz;95183;7.0;10.0;22.0;;;;;;;;;;;;;;;;;
61.0;Marian;Day;N;Female;(221) 640-5930;itareme@zafiri.ss;49.0;Poja Path;23;Rintiko;9583;1.0;4.0;16.0;;;;;;;;;;;;;;;;;
62.0;Travis;Caldwell;N;Female;(510) 615-2110;zifut@bibwu.io;57.0;Zirlal Road;28;Kuwbonbu;7001;9.0;7.0;20.0;;;;;;;;;;;;;;;;;
63.0;Ethel;Little;N;Male;(639) 230-2649;budirvo@tikulu.mz;40.0;Oska Pass;30;Fatetu;57023;5.0;6.0;20.0;;;;;;;;;;;;;;;;;
64.0;Ethel;Shelton;Y;Female;(845) 864-7095;loz@im.com;43.0;Cicup Circle;26;Vavimziv;20104;8.0;;;;;;;;;;;;;;;;;;;
65.0;Birdie;Perry;N;Male;(919) 350-5051;nar@gemebe.bt;32.0;Bape Junction;20;Vukanvok;5706;;6.0;7.0;;;;;;;;;;;;;;;;;
66.0;Terry;Green;N;Female;(970) 692-2465;govbipzos@vag.gb;31.0;Fetam River;52;Visebnuj;65518;9.0;8.0;5.0;;;;;;;;;;;;;;;;;
67.0;Eugene;Allison;Y;Male;(505) 720-3868;mu@okjuce.sl;33.0;Mepri Road;20;Nehiege;34776;3.0;;30.0;;;;;;;;;;;;;;;;;
68.0;Ronald;James;N;Female;(219) 236-1851;hamu@jicetes.fr;34.0;Waoso Plaza;51;Kimane;92541;;1.0;19.0;;;;;;;;;;;;;;;;;
69.0;Bobby;Martinez;1;Female;(563) 517-9400;simmigci@moot.ci;42.0;Henog Grove;65;Bentuthif;26569;5.0;6.0;9.0;;;;;;;;;;;;;;;;;
70.0;Joe;Buchanan;N;Female;(867) 379-1493;xxx;46.0;Nusfa Park;18;Ritozacod;83567;6.0;;15.0;;;;;;;;;;;;;;;;;
71.0;Phillip;Murphy;N;Female;(344) 205-4662;surirdod@me.io;48.0;Moscu Heights;27;Tacenep;51108;2.0;8.0;4.0;;;;;;;;;;;;;;;;;
72.0;Howard;Cobb;yes;Male;(601) 795-6827;lirmud@adikor.ar;43.0;Monmi Park;57;Tinavdam;56569;10.0;5.0;3.0;;;;;;;;;;;;;;;;;
73.0;Ryan;Rodriquez;Y;Female;(380) 727-4887;cofuf@nedepig.nf;18.0;Zati Way;51;Ahanifwi;15325;5.0;15.0;12.0;;;;;;;;;;;;;;;;;
74.0;Nicholas;Wise;Y;Female;(487) 764-5755;perah@oro.jm;46.0;Kiji Park;25;Poswolo;94511;1.0;1.0;13.0;;;;;;;;;;;;;;;;;
75.0;Jessie;Ferguson;Y;Male;(924) 555-4624;te@mukfuw.am;53.0;Hesa Road;59;Pefkebak;54091;4.0;12.0;17.0;;;;;;;;;;;;;;;;;
76.0;Iva;Wise;Y;Male;(859) 576-5893;luaba@bovfimuvi.vu;23.0;Mezu Manor;48;Akibigu;98438;8.0;8.0;12.0;;;;;;;;;;;;;;;;;
77.0;Corey;Bailey;Y;Male;(731) 331-4298;gi@gis.as;65.0;Dodga Path;30;Uzmowubu;1337;1.0;2.0;15.0;;;;;;;;;;;;;;;;;
78.0;Amanda;Miles;Y;Male;(223) 598-9185;vum@vazuzto.gu;30.0;Rodrer Point;52;Foczodon;73726;;13.0;;;;;;;;;;;;;;;;;;
79.0;Sophie;Phelps;N;Female;(419) 911-9274;je@takusi.ac;46.0;Ocmi Key;47;Manteta;85326;10.0;18.0;7.0;;;;;;;;;;;;;;;;;
80.0;Emily;Lloyd;N;Female;(950) 246-4027;ni@hednarfuv.nc;31.0;Zeak Place;50;Zogijuep;18563;10.0;16.0;1.0;;;;;;;;;;;;;;;;;
81.0;Jesse;Alvarado;Y;Male;(373) 526-1248;lica@ma.kw;63.0;Niski Drive;26;Bejwupiku;54608;2.0;5.0;19.0;;;;;;;;;;;;;;;;;
82.0;Tillie;Valdez;Y;Male;(857) 322-1814;ma@cewovu.gm;19.0;Tufuf Turnpike;50;Sibucovu;88879;;4.0;7.0;;;;;;;;;;;;;;;;;
83.0;Rose;Pittman;Y;Female;(573) 428-5083;zu@id.cz;48.0;Jiiz Parkway;48;Usralaw;59590;2.0;6.0;12.0;;;;;;;;;;;;;;;;;
84.0;Lily;King;N;Female;(774) 465-1746;tejhon@igu.bq;25.0;Samwo Drive;59;Wefuzlo;2217;3.0;5.0;9.0;;;;;;;;;;;;;;;;;
85.0;Frances;Cain;N;Female;(259) 372-4817;tepniuzi@limrutab.al;31.0;Eczi Turnpike;39;Nimulup;39857;9.0;17.0;29.0;;;;;;;;;;;;;;;;;
86.0;Caroline;Atkins;N;Male;(646) 512-2214;bompas@wah.cf;40.0;Jonbav Street;52;Maneduj;92223;2.0;11.0;2.0;;;;;;;;;;;;;;;;;
87.0;Bryan;Clarke;Y;Female;(409) 985-3300;nivlidvib@jage.ky;46.0;Ugajeg Extension;57;Otojivoci;14548;;3.0;12.0;;;;;;;;;;;;;;;;;
88.0;Blanche;Green;Y;Female;(627) 452-5449;tibducu@rah.cy;20.0;Gifza Point;23;Disikzu;33929;6.0;4.0;;;;;;;;;;;;;;;;;;
89.0;Maurice;Todd;Y;Female;(237) 630-2950;sezvuk@en.bm;62.0;Sinco Manor;61;Pucfenkuk;27255;4.0;16.0;11.0;;;;;;;;;;;;;;;;;
91.0;Juan;Frazier;yes;Female;(455) 478-3487;hapam@la.mu;31.0;Ezpib Circle;34;Zewbise;14090;2.0;3.0;19.0;;;;;;;;;;;;;;;;;
92.0;Beulah;Wong;Y;Female;(746) 698-2248;utoikupo@he.su;32.0;Belame Path;34;Woimozup;99526;8.0;5.0;25.0;;;;;;;;;;;;;;;;;
93.0;Ella;Tran;N;Male;(682) 570-4706;suinu@fa.jm;52.0;Lipmun Drive;28;Foadigi;56573;10.0;15.0;21.0;;;;;;;;;;;;;;;;;
94.0;Paul;Hall;N;Male;(641) 969-6940;mow@ba.ye;36.0;Nali Plaza;60;Nufbadpu;87351;1.0;13.0;15.0;;;;;;;;;;;;;;;;;
95.0;Paul;Cooper;Y;Male;(629) 941-9762;pun@fa.cn;23.0;Vano Center;35;Rizhesik;10698;7.0;12.0;30.0;;;;;;;;;;;;;;;;;
96.0;Pauline;Norris;Y;Female;(782) 919-6515;zetkacjig@asoanlum.mn;18.0;Koalu Highway;65;Jogzippug;35950;4.0;6.0;1.0;;;;;;;;;;;;;;;;;
97.0;Jeffrey;Holloway;N;Female;(478) 964-7888;kikesgom@ha.se;63.0;Sege Park;23;Wulefa;89275;3.0;20.0;18.0;;;;;;;;;;;;;;;;;
98.0;Paul;Walsh;N;Male;(405) 362-9849;wamag@zav.cg;57.0;Ecfu Ridge;40;Nobosud;56243;9.0;13.0;26.0;;;;;;;;;;;;;;;;;
99.0;Max;Russell;Y;Female;(480) 259-8999;obgezev@ezubeluv.gm;37.0;Conni Pass;32;Vuhuluj;14814;1.0;7.0;9.0;;;;;;;;;;;;;;;;;
100.0;Emily;Oliver;N;Male;(835) 492-6427;avu@birul.bs;20.0;Gaje View;21;Pofovebo;93223;7.0;3.0;;;;;;;;;;;;;;;;;;
101.0;Katie;Walters;Y;Male;(602) 514-2829;aruwedvov@vet.pr;61.0;Wera Park;39;Fotirmi;69211;6.0;17.0;2.0;;;;;;;;;;;;;;;;;
102.0;Ollie;Copeland;N;Female;(406) 960-9035;tir@ra.je;20.0;Jedi Way;18;Fihzolon;46330;7.0;17.0;18.0;;;;;;;;;;;;;;;;;
103.0;Nellie;Obrien;N;Male;(400) 946-1239;awtasegi@uv.ac;38.0;Fetmus Center;29;Agarafvez;32124;3.0;16.0;13.0;;;;;;;;;;;;;;;;;
104.0;Ida;Arnold;N;Male;(253) 449-2470;ana@nul.tm;51.0;Rucek Highway;49;Funonce;28821;3.0;7.0;29.0;;;;;;;;;;;;;;;;;
105.0;Maria;Underwood;N;Female;(981) 465-3936;momi@obagaji.jp;37.0;Ofna Square;45;Cibehow;41221;3.0;8.0;26.0;;;;;;;;;;;;;;;;;
106.0;Inez;Hart;N;Female;(851) 960-9230;ko@guowbe.ie;18.0;Orusem Point;49;Patazij;69885;;11.0;28.0;;;;;;;;;;;;;;;;;
107.0;Linnie;Allison;N;Male;(366) 294-9430;jiwlaso@geka.id;33.0;Aghi Pike;42;Awulezi;29725;6.0;14.0;21.0;;;;;;;;;;;;;;;;;
109.0;Dylan;May;Y;Male;(345) 591-1749;lumo@tiwogi.ye;63.0;Hala Glen;41;Gifohkuh;4386;3.0;11.0;28.0;;;;;;;;;;;;;;;;;
110.0;Mattie;Andrews;N;Female;(460) 369-7043;kufenpac@kehrodbe.cl;58.0;Volha Ridge;58;Jernirdo;71950;1.0;18.0;25.0;;;;;;;;;;;;;;;;;
111.0;Millie;Thomas;Y;Female;(349) 983-4110;gah@kelaz.ms;23.0;Foedu Highway;41;Watusot;10584;10.0;9.0;3.0;;;;;;;;;;;;;;;;;
112.0;Lucinda;Conner;Y;Male;(620) 392-7903;kunna@pavpevof.sb;28.0;Arkaf Pike;20;Jawbofka;92700;10.0;3.0;;;;;;;;;;;;;;;;;;
113.0;Timothy;Horton;Y;Female;(474) 599-6601;vawi@mifbi.fk;29.0;Wareg Glen;28;Cipanfi;80617;3.0;19.0;;;;;;;;;;;;;;;;;;
114.0;Sally;Jennings;Y;Female;(853) 352-7199;jozuji@doecisi.zw;46.0;Dejeb Street;38;Fuduin;7685;5.0;15.0;13.0;;;;;;;;;;;;;;;;;
115.0;Bertie;Townsend;Y;Male;(759) 744-3013;bub@de.ax;36.0;Rufu Point;30;Acebap;14461;6.0;16.0;21.0;;;;;;;;;;;;;;;;;
116.0;Phoebe;Stanley;N;Female;(840) 502-6511;nolhu@vaceta.jo;47.0;Ilhet Manor;40;Sivhoguh;67529;4.0;17.0;14.0;;;;;;;;;;;;;;;;;
117.0;Adelaide;Wells;N;Female;(729) 488-4546;na@pecuv.qa;45.0;Pavpi River;30;Mitofu;49485;;3.0;18.0;;;;;;;;;;;;;;;;;
118.0;Jacob;Wade;Y;Male;(482) 541-5462;liafdi@ezebojbe.au;33.0;Jikow Key;22;Dazamug;23548;8.0;11.0;;;;;;;;;;;;;;;;;;
119.0;Marcus;Quinn;N;Male;(448) 692-5964;wa@nideba.in;29.0;Wakdut Path;20;Upgero;23464;3.0;4.0;23.0;;;;;;;;;;;;;;;;;
120.0;Lillie;Lindsey;N;Male;(302) 334-8407;iwo@nuji.er;26.0;Apdo Lane;44;Bojfijzug;86757;1.0;18.0;23.0;;;;;;;;;;;;;;;;;
121.0;Garrett;Jefferson;Y;Female;(547) 408-1495;bo@waaju.mr;46.0;Subrat River;26;Wagfelgis;22302;6.0;;8.0;;;;;;;;;;;;;;;;;
122.0;Cody;Norris;N;Male;(754) 330-4579;pun@bemunuga.bt;38.0;Jorom Grove;37;Lazubnu;81753;9.0;11.0;28.0;;;;;;;;;;;;;;;;;
123.0;Justin;Kim;N;Male;(200) 921-7083;mumutu@cabud.bm;46.0;Jotpi River;52;Litrupe;65446;2.0;10.0;22.0;;;;;;;;;;;;;;;;;
124.0;Floyd;Hall;Y;Female;(379) 217-9682;devden@jugezja.ga;30.0;Gefla Place;44;Jowicozaz;85066;9.0;13.0;3.0;;;;;;;;;;;;;;;;;
125.0;Glen;Porter;N;Female;(337) 565-5773;zaz@laj.mp;55.0;Kololu Ridge;39;Awawoos;38973;4.0;10.0;11.0;;;;;;;;;;;;;;;;;
126.0;Leon;Porter;N;Male;(215) 907-1968;luus@sume.co;57.0;Nona Turnpike;41;Acimadol;73120;6.0;1.0;13.0;;;;;;;;;;;;;;;;;
127.0;Harriet;Johnston;Y;Female;(717) 958-4578;leb@sosnuvbup.bs;51.0;Bemube Drive;26;Cezual;92741;2.0;5.0;13.0;;;;;;;;;;;;;;;;;
128.0;Melvin;Byrd;Y;Female;(563) 561-4907;ro@alauf.fi;62.0;Zigok Way;22;Fitikpo;96963;1.0;16.0;27.0;;;;;;;;;;;;;;;;;
129.0;Randy;Porter;no;Male;(984) 531-5834;delinhu@waber.eh;19.0;Uhhet Turnpike;61;Sahipu;58597;9.0;10.0;7.0;;;;;;;;;;;;;;;;;
130.0;Noah;Powell;Y;Female;(633) 541-3323;nejel@acuazru.pg;57.0;Mepci River;41;Gigimtef;14152;1.0;12.0;6.0;;;;;;;;;;;;;;;;;
131.0;Michael;Carter;N;Female;(371) 382-9482;tupibupo@ijipale.bg;32.0;Iloduk Lane;29;Toghiwwa;6765;4.0;12.0;13.0;;;;;;;;;;;;;;;;;
132.0;Leonard;Harrison;N;Female;(205) 406-6973;iwiiteeg@lahpul.lv;45.0;Nigu Manor;28;Pionso;44352;1.0;13.0;19.0;;;;;;;;;;;;;;;;;
133.0;Myrtie;Rodriquez;N;Male;(316) 364-5977;fivaficu@puhab.fk;29.0;Feoge Plaza;31;Ovikapmaz;16459;3.0;16.0;17.0;;;;;;;;;;;;;;;;;
134.0;Millie;Thornton;Y;Male;(234) 803-2156;juf@uhucap.lt;53.0;Netle Junction;52;Ejkudo;68849;6.0;11.0;8.0;;;;;;;;;;;;;;;;;
135.0;Amelia;Sullivan;Y;Female;(663) 688-1905;kohzejzi@hubokril.bo;51.0;Beslu Loop;63;Nuujelos;73805;3.0;3.0;24.0;;;;;;;;;;;;;;;;;
137.0;Laura;Hamilton;Y;Male;(358) 867-9484;gah@kurikof.hu;64.0;Vepa Street;46;Hijieh;80322;10.0;5.0;2.0;;;;;;;;;;;;;;;;;
138.0;Marguerite ;Sims;Y;Female;(358) 867-9484;delinhu@waber.eh;24.0;Harac Plaza;19;Sednadi;17794;93.0;;;;;;;;;;;;;;;;;;;
;;;;;;;;;46;;31789;;;;;;;;;;;;;;;;;;;;
;;;;;;;;;46;;;;;;;;;;;;;;;;;;;;;;
;;;;;;;;;46;;;;;;;;;;;;;;;;;;;;;;
;;;;;;;;;;;;;;;1.0;Estella Foster;1991-05-03;Booj Point;33.0;Zubvarho;79078.0;22.0;vorstand;Estella Foster;;;;;;;
;;;;weiblich;;;;;;;;;;;2.0;Blake Stanley;1982-06-25;Viksog Street;24.0;Doppoaf;69507.0;18.0;mitglied;Blake Stanley;;;;;;;
;;;;weiblich;;;;;;;;;;;3.0;Seth Byrd;1988-08-14;Vafi Manor;35.0;Naicohi;77655.0;34.0;schriftfuehrer;Seth Byrd;;;;;;;
;;;;weiblich;;;;;;;;;;;4.0;Stanley Taylor;1994-05-13;Kevat Drive;43.0;Heebnem;67795.0;47.0;vorstand;Stanley Taylor;;;;;;;
;;;;w;;;;;;;;;;;5.0;Lucile Conner;1962-03-05;Kepo Junction;32.0;Bifushuv;90741.0;32.0;vorstand;Lucile Conner;;;;;;;
;;;;w;;;;;;;;;;;6.0;Jerome Wolfe;2001-03-30;Ukra Pass;63.0;Kuspuprip;62849.0;46.0;vorstand;Jerome Wolfe;;;;;;;
;;;;weiblich;;;;;;;;;;;7.0;Danny Drake;1975-08-18;Ejca Square;39.0;Mizamo;7151.0;8.0;schriftfuehrer;Danny Drake;;;;;;;
;;;;m;;;;;;;;;;;8.0;Johnny Cook;1959-12-08;Bicfu Pass;23.0;Degmecze;45859.0;34.0;vorstand;Johnny Cook;;;;;;;
;;;;m;;;;;;;;;;;9.0;Roy Snyder;1978-04-30;Mecos Turnpike;58.0;Wofudviv;87805.0;97.0;vorstand;Roy Snyder;;;;;;;
;;;;weiblich;;;;;;;;;;;10.0;Mathilda Paul;1960-02-03;Cutala Lane;32.0;Ircezzaj;89420.0;39.0;mitglied;Mathilda Paul;;;;;;;
;;;;weiblich;;;;;;;;;;;11.0;Dale Ellis;1977-02-16;Ujimet Extension;21.0;Abefeuhi;55863.0;56.0;mitglied;Dale Ellis;;;;;;;
;;;;w;;;;;;;;;;;12.0;Laura Gray;1984-07-20;Akbe Square;30.0;Ituriwe;83909.0;50.0;vorstand;Laura Gray;;;;;;;
;;;;m;;;;;;;;;;;13.0;Jay Lambert;1971-08-28;Anate Center;51.0;Cuhbuhnin;1922.0;41.0;vorstand;Jay Lambert;;;;;;;
;;;;;;;;;;;;;;;14.0;Phoebe Ortiz;1977-02-22;Zeler Park;50.0;Hafnusa;49307.0;94.0;vorstand;Phoebe Ortiz;;;;;;;
;;;;weiblich;;;;;;;;;;;15.0;Isaac Jacobs;1998-08-06;Adicus Mill;59.0;Taczelwav;64913.0;0.0;trainer;Isaac Jacobs;;;;;;;
;;;;w;;;;;;;;;;;16.0;Ryan Rowe;1979-03-12;Hemuja View;33.0;Arnohza;80159.0;88.0;mitglied;Ryan Rowe;;;;;;;
;;;;m;;;;;;;;;;;17.0;Phillip Garza;1965-12-04;Ubonon Street;36.0;Neralep;84332.0;10.0;trainer;Phillip Garza;;;;;;;
;;;;maennlich;;;;;;;;;;;18.0;Nancy Bennett;1997-03-20;Luhi Way;61.0;Bojafjit;3342.0;64.0;trainer;Nancy Bennett;;;;;;;
;;;;maennlich;;;;;;;;;;;19.0;Tommy Mitchell;1977-04-17;Azote Lane;48.0;Aswuemo;87623.0;99.0;mitglied;Tommy Mitchell;;;;;;;
;;;;m;;;;;;;;;;;20.0;Calvin Webb;1962-06-22;Nonon Circle;34.0;Zizaoz;75115.0;89.0;mitglied;Calvin Webb;;;;;;;
;;;;m;;;;;;;;;;;21.0;Lee Cooper;1969-11-18;Taha Mill;63.0;Tiuputuf;28177.0;27.0;schriftfuehrer;Lee Cooper;;;;;;;
;;;;;;;;;;;;;;;22.0;Leah Schmidt;1988-10-06;Wanaf Trail;26.0;Coinze;99512.0;39.0;schriftfuehrer;Leah Schmidt;;;;;;;
;;;;m;;;;;;;;;;;23.0;Ethel Greene;1976-10-30;Jojpi Way;54.0;Riucuzo;10261.0;25.0;vorstand;Ethel Greene;;;;;;;
;;;;m;;;;;;;;;;;24.0;Katherine Fox;2002-07-14;Deasa Pass;35.0;Lagetco;95222.0;68.0;mitglied;Katherine Fox;;;;;;;
;;;;m;;;;;;;;;;;25.0;Rachel Romero;1978-09-28;Norit Road;40.0;Katogicu;94130.0;52.0;trainer;Rachel Romero;;;;;;;
;;;;w;;;;;;;;;;;26.0;Mable Carter;2002-03-20;Borabu Heights;30.0;Nencoaju;4475.0;16.0;mitglied;Mable Carter;;;;;;;
;;;;;;;;;;;;;;;27.0;Troy Steele;1976-06-29;Apogi Trail;47.0;Hifetut;97991.0;30.0;schriftfuehrer;Troy Steele;;;;;;;
;;;;;;;;;;;;;;;28.0;Norman Ross;1977-07-21;Uvmaw Extension;53.0;Bonahni;17908.0;78.0;vorstand;Norman Ross;;;;;;;
;;;;w;;;;;;;;;;;29.0;Eddie Stevens;1989-01-15;Fedfo Place;64.0;Topmirse;26043.0;40.0;mitglied;Eddie Stevens;;;;;;;
;;;;w;;;;;;;;;;;30.0;Bradley Ruiz;2003-08-24;Titha Highway;25.0;Peawemuj;58157.0;55.0;schriftfuehrer;Bradley Ruiz;;;;;;;
;;;;weiblich;;;;;;;;;;;31.0;Helena Vasquez;1983-02-15;Azni Pass;45.0;Kiwucec;2668.0;76.0;trainer;Helena Vasquez;;;;;;;
;;;;;;;;;;;;;;;32.0;Flora Morton;1962-08-24;Urius Path;54.0;Gidukupug;27787.0;82.0;vorstand;Flora Morton;;;;;;;
;;;;;;;;;;;;;;;33.0;Jeffery Harvey;1967-09-28;Emuib River;55.0;Awepimhom;99142.0;85.0;schriftfuehrer;Jeffery Harvey;;;;;;;
;;;;m;;;;;;;;;;;34.0;Millie Watkins;1959-07-02;Nake Heights;49.0;Ganwiize;7119.0;14.0;mitglied;Millie Watkins;;;;;;;
;;;;;;;;;;;;;;;35.0;Sue Hopkins;2005-10-27;Kuhno Extension;32.0;Winciset;31246.0;64.0;vorstand;Sue Hopkins;;;;;;;
;;;;weiblich;;;;;;;;;;;36.0;Marguerite Sims;1998-12-07;Harac Plaza;46.0;Sednadi;31789.0;93.0;schriftfuehrer;Marguerite Sims;;;;;;;
;;;;m;;;;;;;;;;;37.0;Hettie McKenzie;1978-11-26;Fibod Pass;31.0;Peutca;10061.0;63.0;mitglied;Hettie McKenzie;;;;;;;
;;;;m;;;;;;;;;;;38.0;Mildred Bryan;1999-05-19;Dagje Parkway;38.0;Hotehba;51283.0;42.0;vorstand;Mildred Bryan;;;;;;;
;;;;m;;;;;;;;;;;39.0;Effie Estrada;1991-12-02;Ewapoh Pass;40.0;Hewhuju;60712.0;7.0;mitglied;Effie Estrada;;;;;;;
;;;;;;;;;;;;;;;40.0;Edward Campbell;2000-10-20;Fegtem Parkway;50.0;Gamlecdav;88688.0;49.0;schriftfuehrer;Edward Campbell;;;;;;;
;;;;w;;;;;;;;;;;41.0;Isaac Garner;1999-12-06;Cubwi Court;35.0;Sesgena;6887.0;15.0;schriftfuehrer;Isaac Garner;;;;;;;
;;;;w;;;;;;;;;;;42.0;Steven Walker;1973-07-02;Mouto Grove;43.0;Ehmanre;17402.0;98.0;schriftfuehrer;Steven Walker;;;;;;;
;;;;maennlich;;;;;;;;;;;43.0;Eddie Murray;1998-03-31;Biopa Boulevard;26.0;Dajahkes;71849.0;49.0;schriftfuehrer;Eddie Murray;;;;;;;
;;;;w;;;;;;;;;;;44.0;Ruby Howell;1989-05-23;Zehbu Court;25.0;Jodmuzi;20670.0;96.0;mitglied;Ruby Howell;;;;;;;
;;;;weiblich;;;;;;;;;;;45.0;Sara Hines;1968-12-19;Ujiwad Parkway;22.0;Hoizwu;26196.0;43.0;schriftfuehrer;Sara Hines;;;;;;;
;;;;;;;;;;;;;;;46.0;Ethel Colon;1977-07-19;Gewan Boulevard;28.0;Anokire;84914.0;9.0;schriftfuehrer;Ethel Colon;;;;;;;
;;;;w;;;;;;;;;;;47.0;Luella Frazier;1990-05-08;Gazej Extension;21.0;Deprujkej;55818.0;4.0;trainer;Luella Frazier;;;;;;;
;;;;maennlich;;;;;;;;;;;48.0;Mae Goodman;1982-02-10;Veum Court;37.0;Rakjukaz;99261.0;89.0;schriftfuehrer;Mae Goodman;;;;;;;
;;;;maennlich;;;;;;;;;;;49.0;Della Fisher;1996-01-24;Wakri Highway;52.0;Wawususap;9645.0;92.0;trainer;Della Fisher;;;;;;;
;;;;;;;;;;;;;;;50.0;Lenora Townsend;1986-02-17;Diba Place;33.0;Kosezuh;3373.0;82.0;mitglied;Lenora Townsend;;;;;;;
;;;;;;;;;;;;;;;51.0;Laura Watts;1963-06-06;Vota Square;46.0;Mopvumil;52343.0;42.0;vorstand;Laura Watts;;;;;;;
;;;;maennlich;;;;;;;;;;;52.0;Bruce Vega;1961-11-23;Bonim Park;53.0;Lapugeg;47122.0;57.0;mitglied;Bruce Vega;;;;;;;
;;;;w;;;;;;;;;;;53.0;Betty Young;1967-01-20;Hoglek Heights;60.0;Pejilesi;92861.0;7.0;mitglied;Betty Young;;;;;;;
;;;;m;;;;;;;;;;;54.0;Garrett Wise;1995-11-30;Izuju Heights;56.0;Radupbuc;21886.0;6.0;vorstand;Garrett Wise;;;;;;;
;;;;;;;;;;;;;;;55.0;Keith Hansen;1967-03-04;Wuno Key;33.0;Puradug;49380.0;17.0;mitglied;Keith Hansen;;;;;;;
;;;;m;;;;;;;;;;;56.0;Louis Sanchez;1987-04-17;Gevhuc Place;54.0;Kampozruv;30965.0;47.0;schriftfuehrer;Louis Sanchez;;;;;;;
;;;;w;;;;;;;;;;;57.0;Brett Green;1992-07-31;Nife Key;37.0;Zihwuju;70655.0;91.0;trainer;Brett Green;;;;;;;
;;;;weiblich;;;;;;;;;;;58.0;Janie Little;1974-06-16;Woke Path;24.0;Vapomac;6348.0;49.0;schriftfuehrer;Janie Little;;;;;;;
;;;;m;;;;;;;;;;;59.0;Lewis Bryant;1985-09-25;Metlim Extension;24.0;Luwafon;61072.0;23.0;vorstand;Lewis Bryant;;;;;;;
;;;;;;;;;;;;;;;60.0;Danny Barrett;1993-03-08;Gujrun Heights;18.0;Luhnoptuz;3633.0;48.0;mitglied;Danny Barrett;;;;;;;
;;;;w;;;;;;;;;;;61.0;Addie Burton;1967-02-21;Emahoh River;18.0;Wolpujez;88384.0;18.0;vorstand;Addie Burton;;;;;;;
;;;;m;;;;;;;;;;;62.0;Dorothy Allison;1988-07-11;Dawi Center;32.0;Felepuf;17750.0;33.0;trainer;Dorothy Allison;;;;;;;
;;;;;;;;;;;;;;;63.0;Augusta Martin;1978-03-12;Rocto Avenue;53.0;Ragliju;25472.0;4.0;vorstand;Augusta Martin;;;;;;;
;;;;weiblich;;;;;;;;;;;64.0;Alfred Hunt;1974-11-20;Celda Place;29.0;Ecagiun;2623.0;22.0;schriftfuehrer;Alfred Hunt;;;;;;;
;;;;weiblich;;;;;;;;;;;65.0;Earl Harris;1965-12-01;Jewus Point;51.0;Abgolceb;63355.0;0.0;vorstand;Earl Harris;;;;;;;
;;;;w;;;;;;;;;;;66.0;Lloyd Abbott;1986-01-10;Diklem Road;23.0;Buzihdos;91199.0;55.0;trainer;Lloyd Abbott;;;;;;;
;;;;maennlich;;;;;;;;;;;67.0;Isabelle King;1975-05-19;Tapuk Road;54.0;Etbozo;38644.0;60.0;schriftfuehrer;Isabelle King;;;;;;;
;;;;maennlich;;;;;;;;;;;68.0;Vincent Gill;1997-07-17;Ezoev Boulevard;49.0;Nostafrow;36006.0;6.0;trainer;Vincent Gill;;;;;;;
;;;;w;;;;;;;;;;;69.0;Nathaniel Osborne;1968-10-09;Nujnim River;19.0;Lapdojis;45098.0;40.0;vorstand;Nathaniel Osborne;;;;;;;
;;;;;;;;;;;;;;;70.0;Pearl Holmes;1971-08-22;Tawe Mill;65.0;Zulawfu;49926.0;47.0;schriftfuehrer;Pearl Holmes;;;;;;;
;;;;w;;;;;;;;;;;71.0;Andrew Hunt;1978-09-15;Bagpes Junction;24.0;Asitowbol;34418.0;83.0;mitglied;Andrew Hunt;;;;;;;
;;;;weiblich;;;;;;;;;;;72.0;Jerome Schultz;1994-04-13;Mefi Point;30.0;Lislebu;69464.0;58.0;mitglied;Jerome Schultz;;;;;;;
;;;;;;;;;;;;;;;73.0;Mario Ramos;1984-12-22;Ujcur Street;49.0;Dakvobo;71897.0;69.0;trainer;Mario Ramos;;;;;;;
;;;;;;;;;;;;;;;74.0;Myrtie Newton;1970-01-29;Potamo Center;32.0;Badise;49354.0;84.0;trainer;Myrtie Newton;;;;;;;
;;;;;;;;;;;;;;;75.0;Jeremiah Ramos;1969-01-19;Nofu Loop;31.0;Lurkefow;85188.0;73.0;trainer;Jeremiah Ramos;;;;;;;
;;;;maennlich;;;;;;;;;;;76.0;Lloyd Peters;1966-04-28;Givev Court;52.0;Zuwcuco;49102.0;54.0;mitglied;Lloyd Peters;;;;;;;
;;;;m;;;;;;;;;;;77.0;Alberta Burton;1973-05-23;Saja Way;57.0;Bobcigul;80032.0;17.0;trainer;Alberta Burton;;;;;;;
;;;;m;;;;;;;;;;;78.0;Esther Armstrong;1982-11-21;Jegude Glen;21.0;Umwoku;83720.0;24.0;mitglied;Esther Armstrong;;;;;;;
;;;;weiblich;;;;;;;;;;;79.0;Victor Matthews;1999-05-12;Beire View;34.0;Gitmibvih;89644.0;17.0;mitglied;Victor Matthews;;;;;;;
;;;;w;;;;;;;;;;;80.0;Olive Abbott;1977-05-17;Vogen Highway;52.0;Ekiibzif;42592.0;96.0;trainer;Olive Abbott;;;;;;;
;;;;;;;;;;;;;;;81.0;Agnes Smith;1991-08-14;Bese Mill;45.0;Izuibla;29133.0;88.0;schriftfuehrer;Agnes Smith;;;;;;;
;;;;w;;;;;;;;;;;82.0;Theresa Price;1989-02-17;Befso Lane;24.0;Zintarlub;64051.0;58.0;schriftfuehrer;Theresa Price;;;;;;;
;;;;maennlich;;;;;;;;;;;83.0;Tom Chapman;1971-06-01;Birre Circle;58.0;Irobuve;11246.0;39.0;trainer;Tom Chapman;;;;;;;
;;;;m;;;;;;;;;;;84.0;Blake Wheeler;1992-06-06;Netje Court;33.0;Toucuar;96179.0;93.0;trainer;Blake Wheeler;;;;;;;
;;;;weiblich;;;;;;;;;;;85.0;Helena Jones;1992-07-15;Geov Court;61.0;Pozmebuk;54416.0;64.0;schriftfuehrer;Helena Jones;;;;;;;
;;;;;;;;;;;;;;;86.0;Hallie Shaw;1994-01-07;Soudu Grove;45.0;Raszeke;17160.0;30.0;trainer;Hallie Shaw;;;;;;;
;;;;;;;;;;;;;;;87.0;Howard White;1977-08-28;Ucdis Park;19.0;Eweesvof;78304.0;88.0;vorstand;Howard White;;;;;;;
;;;;weiblich;;;;;;;;;;;88.0;Katie Tyler;1979-04-10;Lara Park;31.0;Patopem;14369.0;100.0;vorstand;Katie Tyler;;;;;;;
;;;;maennlich;;;;;;;;;;;89.0;Austin Estrada;1980-06-01;Biwa Trail;46.0;Tilomduc;39353.0;54.0;mitglied;Austin Estrada;;;;;;;
;;;;w;;;;;;;;;;;90.0;Edgar Johnston;1986-10-18;Zenek Road;43.0;Pipufha;39253.0;14.0;schriftfuehrer;Edgar Johnston;;;;;;;
;;;;weiblich;;;;;;;;;;;91.0;Mittie Parker;1987-10-11;Pinniz Ridge;24.0;Rehotip;24730.0;48.0;trainer;Mittie Parker;;;;;;;
;;;;maennlich;;;;;;;;;;;92.0;Rose Peters;2001-10-18;Kubce Ridge;65.0;Gegiko;73956.0;20.0;trainer;Rose Peters;;;;;;;
;;;;;;;;;;;;;;;93.0;Helena Howard;1965-01-02;Rina Pass;34.0;Sojasa;23327.0;64.0;vorstand;Helena Howard;;;;;;;
;;;;w;;;;;;;;;;;94.0;Phillip Watkins;1958-04-03;Hefu Park;41.0;Ajnoze;35643.0;83.0;schriftfuehrer;Phillip Watkins;;;;;;;
;;;;w;;;;;;;;;;;95.0;Leroy Murphy;1968-07-05;Ijjac Path;43.0;Abruzsi;79522.0;71.0;schriftfuehrer;Leroy Murphy;;;;;;;
;;;;weiblich;;;;;;;;;;;96.0;Logan Peters;1999-12-25;Hufus Manor;44.0;Ozvitej;40350.0;92.0;schriftfuehrer;Logan Peters;;;;;;;
;;;;weiblich;;;;;;;;;;;97.0;Lucile Russell;1978-08-25;Arzu Extension;61.0;Naveccu;85450.0;34.0;trainer;Lucile Russell;;;;;;;
;;;;;;;;;;;;;;;98.0;Irene Sims;1986-03-28;Giti Grove;21.0;Rewducez;27475.0;55.0;schriftfuehrer;Irene Sims;;;;;;;
;;;;maennlich;;;;;;;;;;;99.0;Garrett Coleman;1985-11-24;Vafuk Place;20.0;Wehsorseb;77048.0;11.0;vorstand;Garrett Coleman;;;;;;;
;;;;;;;;;;;;;;;100.0;Lettie Ballard;1982-03-25;Kiveh Court;61.0;Gefimugib;14127.0;62.0;schriftfuehrer;Lettie Ballard;;;;;;;
;;;;maennlich;;;;;;;;;;;101.0;Frances Brady;1973-07-25;Gewwa View;44.0;Voruhor;73597.0;55.0;mitglied;Frances Brady;;;;;;;
;;;;w;;;;;;;;;;;102.0;Bernice Smith;1987-02-22;Niem Mill;50.0;Imezoik;57507.0;41.0;vorstand;Bernice Smith;;;;;;;
;;;;maennlich;;;;;;;;;;;103.0;Dean Chambers;2003-04-25;Tawe River;33.0;Tesmuncab;87483.0;13.0;schriftfuehrer;Dean Chambers;;;;;;;
;;;;weiblich;;;;;;;;;;;104.0;Essie Fowler;1986-09-03;Jiez Place;56.0;Nagafad;81201.0;42.0;schriftfuehrer;Essie Fowler;;;;;;;
;;;;maennlich;;;;;;;;;;;105.0;Brandon McGee;2000-04-17;Pinok Center;48.0;Jefniwup;66271.0;24.0;mitglied;Brandon McGee;;;;;;;
;;;;maennlich;;;;;;;;;;;106.0;Maud Hanson;1984-05-27;Cibi Mill;27.0;Visdosip;22182.0;82.0;schriftfuehrer;Maud Hanson;;;;;;;
;;;;weiblich;;;;;;;;;;;107.0;Albert Kim;1979-06-09;Lizji Parkway;48.0;Bagkohnu;80954.0;35.0;vorstand;Albert Kim;;;;;;;
;;;;;;;;;;;;;;;108.0;Roger Singleton;1993-07-23;Wiev Drive;58.0;Ifoaleiza;28828.0;10.0;trainer;Roger Singleton;;;;;;;
;;;;w;;;;;;;;;;;109.0;Viola Todd;1958-05-29;Hupzu Circle;64.0;Vezofuv;;37.0;trainer;Viola Todd;;;;;;;
;;;;weiblich;;;;;;;;;;;110.0;Daniel Morgan;1972-08-27;Tuko Avenue;40.0;Caglifve;50540.0;2.0;schriftfuehrer;Daniel Morgan;;;;;;;
;;;;m;;;;;;;;;;;111.0;Cora Joseph;1996-05-11;Gurzij Highway;52.0;Kuogilun;91996.0;47.0;trainer;Cora Joseph;;;;;;;
;;;;w;;;;;;;;;;;112.0;Etta Moran;1996-11-05;Baos Drive;54.0;Findikwo;2379.0;8.0;mitglied;Etta Moran;;;;;;;
;;;;m;;;;;;;;;;;113.0;Sadie Cannon;1963-02-14;Suwu Square;62.0;Ekepeze;88874.0;63.0;mitglied;Sadie Cannon;;;;;;;
;;;;maennlich;;;;;;;;;;;114.0;Frances Williams;1967-10-12;Wiun Turnpike;57.0;Uhcait;92378.0;43.0;vorstand;Frances Williams;;;;;;;
;;;;;;;;;;;;;;;115.0;Derek Gonzalez;1975-12-12;Kibe Ridge;27.0;Fuvubtim;8903.0;44.0;schriftfuehrer;Derek Gonzalez;;;;;;;
;;;;maennlich;;;;;;;;;;;116.0;Alta Reynolds;1982-09-26;Jursu Lane;60.0;Roawdop;92019.0;0.0;vorstand;Alta Reynolds;;;;;;;
;;;;weiblich;;;;;;;;;;;117.0;Benjamin French;1998-04-17;Bodoh Boulevard;25.0;Mazpako;88776.0;67.0;schriftfuehrer;Benjamin French;;;;;;;
;;;;weiblich;;;;;;;;;;;118.0;Leila Gonzalez;1991-06-16;Davne Street;60.0;Buktigam;88717.0;63.0;vorstand;Leila Gonzalez;;;;;;;
;;;;m;;;;;;;;;;;119.0;Danny Crawford;2002-10-26;Wogami Manor;30.0;Gofirsuc;74959.0;17.0;schriftfuehrer;Danny Crawford;;;;;;;
;;;;;;;;;;;;;;;120.0;Jim Norris;2004-07-15;Hini River;52.0;Beberapa;52684.0;26.0;schriftfuehrer;Jim Norris;;;;;;;
;;;;weiblich;;;;;;;;;;;121.0;Mable Allen;1962-07-10;Satnic Court;50.0;Firiligi;35607.0;92.0;mitglied;Mable Allen;;;;;;;
;;;;maennlich;;;;;;;;;;;122.0;Mark Burns;1967-08-11;Biwuji Extension;38.0;Lialafo;57269.0;70.0;mitglied;Mark Burns;;;;;;;
;;;;w;;;;;;;;;;;123.0;Callie Kelley;1997-06-05;Higgo Loop;62.0;Teokabe;93297.0;33.0;trainer;Callie Kelley;;;;;;;
;;;;w;;;;;;;;;;;124.0;Mike Patton;1970-03-11;Maksib Glen;41.0;Fiwikoek;12735.0;21.0;vorstand;Mike Patton;;;;;;;
;;;;weiblich;;;;;;;;;;;125.0;Tom Poole;1981-02-14;Sokiz Grove;24.0;Zaldodos;47775.0;78.0;vorstand;Tom Poole;;;;;;;
;;;;;;;;;;;;;;;126.0;Alta Padilla;1958-04-10;Soget Court;34.0;Jetiwti;43899.0;51.0;vorstand;Alta Padilla;;;;;;;
;;;;m;;;;;;;;;;;127.0;Marian Joseph;1981-07-07;Cirav View;52.0;Jakjugdub;11381.0;27.0;mitglied;Marian Joseph;;;;;;;
;;;;maennlich;;;;;;;;;;;128.0;Elnora Edwards;2001-03-12;Fozan Manor;34.0;Zaszumu;17353.0;11.0;mitglied;Elnora Edwards;;;;;;;
;;;;weiblich;;;;;;;;;;;129.0;Kyle Bell;1968-02-26;Viile Glen;54.0;Toowkuv;4778.0;26.0;mitglied;Kyle Bell;;;;;;;
;;;;m;;;;;;;;;;;130.0;Samuel Little;2002-02-27;Nigoz Boulevard;48.0;Ezbihiv;57056.0;40.0;vorstand;Samuel Little;;;;;;;
;;;;weiblich;;;;;;;;;;;131.0;Alvin Robbins;1983-07-20;Wepe Circle;65.0;Tetecwej;58237.0;55.0;schriftfuehrer;Alvin Robbins;;;;;;;
;;;;m;;;;;;;;;;;132.0;Lucile Santos;1970-12-15;Ekider Key;41.0;Jefjici;10069.0;74.0;vorstand;Lucile Santos;;;;;;;
;;;;w;;;;;;;;;;;133.0;Minnie Sanders;1970-10-12;Kenen Circle;45.0;Inwaot;84585.0;37.0;mitglied;Minnie Sanders;;;;;;;
;;;;maennlich;;;;;;;;;;;134.0;Lee Palmer;1968-11-29;Olikor Highway;41.0;Hapzipsa;86254.0;33.0;mitglied;Lee Palmer;;;;;;;
;;;;maennlich;;;;;;;;;;;135.0;Lola Wong;1983-01-08;Efrid Boulevard;29.0;Zigazis;48862.0;50.0;vorstand;Lola Wong;;;;;;;
;;;;weiblich;;;;;;;;;;;136.0;Roy Coleman;1992-06-14;Filvah Point;48.0;Dogozi;12095.0;50.0;vorstand;Roy Coleman;;;;;;;
;;;;maennlich;;;;;;;;;;;137.0;Allie Potter;1990-11-09;Wiphon Lane;50.0;Teezaise;93598.0;48.0;schriftfuehrer;Allie Potter;;;;;;;
;;;;;;;;;;;;;;;138.0;Cora Mann;1980-05-19;Wafdov Glen;48.0;Giikbih;11845.0;30.0;vorstand;Cora Mann;;;;;;;
;;;;maennlich;;;;;;;;;;;139.0;Lee Crawford;1978-09-13;Radoha Manor;42.0;Heffulu;18372.0;28.0;vorstand;Lee Crawford;;;;;;;
;;;;m;;;;;;;;;;;140.0;Christopher Herrera;1960-01-02;Recci Ridge;30.0;Irhaafu;21576.0;12.0;mitglied;Christopher Herrera;;;;;;;
;;;;;;;;;;;;;;;141.0;Rebecca Cooper;1978-11-21;Leno Place;43.0;Vigsaved;80539.0;68.0;trainer;Rebecca Cooper;;;;;;;
;;;;w;;;;;;;;;;;142.0;Ella Lambert;1976-03-29;Uleeci Avenue;56.0;Jibzuhot;95232.0;21.0;vorstand;Ella Lambert;;;;;;;
;;;;weiblich;;;;;;;;;;;143.0;Adam Fisher;1967-10-24;Ozveg Path;59.0;Peruru;50443.0;44.0;trainer;Adam Fisher;;;;;;;
;;;;maennlich;;;;;;;;;;;144.0;Francis Estrada;1976-07-09;Cugvij Loop;65.0;Nodmigoz;41368.0;40.0;mitglied;Francis Estrada;;;;;;;
;;;;;;;;;;;;;;;145.0;Dora Simpson;1994-08-03;Voraz Turnpike;53.0;Kokfigor;57478.0;71.0;mitglied;Dora Simpson;;;;;;;
;;;;weiblich;;;;;;;;;;;146.0;Carrie Parsons;1968-04-06;Uzlat Way;65.0;Sezwoflol;58607.0;80.0;schriftfuehrer;Carrie Parsons;;;;;;;
;;;;weiblich;;;;;;;;;;;147.0;Kathryn Jensen;1973-04-15;Meeli View;59.0;Rakcezzaz;11256.0;93.0;mitglied;Kathryn Jensen;;;;;;;
;;;;;;;;;;;;;;;148.0;Douglas Nunez;1959-12-21;Rozkin Place;19.0;Zejvadmal;6728.0;38.0;mitglied;Douglas Nunez;;;;;;;
;;;;m;;;;;;;;;;;149.0;Stephen McKinney;1989-08-19;Ojwe Path;45.0;Fuhotni;43670.0;9.0;mitglied;Stephen McKinney;;;;;;;
;;;;w;;;;;;;;;;;150.0;Lettie Hughes;1961-07-29;Muvgog Path;21.0;Vapiriru;57658.0;65.0;trainer;Lettie Hughes;;;;;;;
;;;;;;;;;;;;;;;151.0;Louise Townsend;1993-10-02;Dojro Circle;50.0;Kujrakaz;96213.0;73.0;schriftfuehrer;Louise Townsend;;;;;;;
;;;;weiblich;;;;;;;;;;;152.0;Mario Jimenez;1958-10-19;Wuem Boulevard;27.0;Lifimov;2915.0;94.0;vorstand;Mario Jimenez;;;;;;;
;;;;maennlich;;;;;;;;;;;153.0;Lora Stokes;1988-01-14;Horsa Loop;22.0;Vetoprep;80215.0;59.0;trainer;Lora Stokes;;;;;;;
;;;;maennlich;;;;;;;;;;;154.0;Eliza Olson;1995-05-07;Munju Place;51.0;Wibewico;67256.0;54.0;trainer;Eliza Olson;;;;;;;
;;;;;;;;;;;;;;;155.0;Blanche Johnston;1995-04-13;Ikjo Lane;44.0;Nuhvewpa;16790.0;15.0;trainer;Blanche Johnston;;;;;;;
;;;;m;;;;;;;;;;;156.0;Scott Ellis;1971-10-21;Izole Drive;47.0;Guezihag;42535.0;74.0;trainer;Scott Ellis;;;;;;;
;;;;w;;;;;;;;;;;157.0;Devin Robinson;1978-12-16;Huler Ridge;40.0;Zitihuh;61273.0;34.0;schriftfuehrer;Devin Robinson;;;;;;;
;;;;m;;;;;;;;;;;158.0;Lillie Fernandez;1968-09-20;Gaguj Heights;37.0;Jeheve;62433.0;4.0;mitglied;Lillie Fernandez;;;;;;;
;;;;;;;;;;;;;;;159.0;Steven Harrison;2004-12-30;Vufluw Terrace;42.0;Ticulto;10435.0;71.0;trainer;Steven Harrison;;;;;;;
;;;;maennlich;;;;;;;;;;;160.0;Mollie Weaver;1989-08-30;Davji Turnpike;56.0;Altekdi;76170.0;72.0;trainer;Mollie Weaver;;;;;;;
;;;;weiblich;;;;;;;;;;;161.0;Martin Castro;1961-08-31;Zojlat Key;62.0;Buhogog;65534.0;14.0;vorstand;Martin Castro;;;;;;;
;;;;m;;;;;;;;;;;162.0;Earl Webster;1977-04-22;Alibe Park;44.0;Esuzeovu;57386.0;80.0;trainer;Earl Webster;;;;;;;
;;;;w;;;;;;;;;;;163.0;Amanda Glover;1977-11-06;Fuvu Road;24.0;Ijcicoj;22054.0;14.0;schriftfuehrer;Amanda Glover;;;;;;;
;;;;weiblich;;;;;;;;;;;164.0;Paul Henderson;2005-05-28;Fukfu View;50.0;Zajbikkan;80065.0;86.0;schriftfuehrer;Paul Henderson;;;;;;;
;;;;w;;;;;;;;;;;165.0;Christopher Joseph;1967-06-22;Asiba Heights;30.0;Peutegir;29985.0;30.0;schriftfuehrer;Christopher Joseph;;;;;;;
;;;;m;;;;;;;;;;;166.0;Micheal Mullins;1999-12-08;Javzef Point;55.0;Zoalga;73121.0;52.0;trainer;Micheal Mullins;;;;;;;
;;;;weiblich;;;;;;;;;;;167.0;Jared Rose;1988-10-23;Fafbes Way;26.0;Mihegza;;19.0;vorstand;Jared Rose;;;;;;;
;;;;;;;;;;;;;;;168.0;Alice Tran;1972-12-11;Zesasa Center;47.0;Henrotona;14763.0;63.0;mitglied;Alice Tran;;;;;;;
;;;;w;;;;;;;;;;;169.0;Bernice Hunter;1969-12-29;Lesev Path;43.0;Mojapa;94381.0;6.0;schriftfuehrer;Bernice Hunter;;;;;;;
;;;;maennlich;;;;;;;;;;;170.0;Katie Gonzalez;1985-01-13;Rare Trail;19.0;Porsidreh;28735.0;72.0;mitglied;Katie Gonzalez;;;;;;;
;;;;w;;;;;;;;;;;171.0;Sadie McKinney;1965-03-08;Liroso Glen;52.0;Nezebusih;26796.0;100.0;vorstand;Sadie McKinney;;;;;;;
;;;;weiblich;;;;;;;;;;;172.0;Hilda James;1993-02-11;Hutemu Highway;46.0;Lajebu;47916.0;67.0;trainer;Hilda James;;;;;;;
;;;;maennlich;;;;;;;;;;;173.0;Leona Parks;1972-04-01;Uhufo Lane;21.0;Rucavofeb;82562.0;81.0;vorstand;Leona Parks;;;;;;;
;;;;weiblich;;;;;;;;;;;174.0;Katie Padilla;1990-10-01;Ladja Ridge;26.0;Codumcic;71905.0;31.0;schriftfuehrer;Katie Padilla;;;;;;;
;;;;;;;;;;;;;;;175.0;Hattie Spencer;1992-12-15;Zipne Key;37.0;Namuadu;33829.0;62.0;trainer;Hattie Spencer;;;;;;;
;;;;m;;;;;;;;;;;176.0;Harold Poole;1969-02-26;Kodton River;27.0;Wewasogo;61113.0;65.0;mitglied;Harold Poole;;;;;;;
;;;;;;;;;;;;;;;177.0;Mattie Carlson;1999-02-11;Haklih Avenue;57.0;Abafifa;11009.0;51.0;mitglied;Mattie Carlson;;;;;;;
;;;;w;;;;;;;;;;;178.0;Juan Vargas;1978-08-08;Wufvij Square;38.0;Mutahev;42628.0;39.0;mitglied;Juan Vargas;;;;;;;
;;;;;;;;;;;;;;;179.0;Melvin Schneider;1974-07-17;Hejwap Grove;25.0;Acajudebo;57956.0;46.0;schriftfuehrer;Melvin Schneider;;;;;;;
;;;;;;;;;;;;;;;180.0;Garrett Estrada;1980-02-09;Weji Way;33.0;Kijonafu;82727.0;7.0;mitglied;Garrett Estrada;;;;;;;
;;;;m;;;;;;;;;;;181.0;Jordan Allen;1998-04-26;Ahuko Glen;30.0;Benumeuba;54895.0;94.0;vorstand;Jordan Allen;;;;;;;
;;;;w;;;;;;;;;;;182.0;Beatrice Smith;1981-06-19;Jaga Point;37.0;Fubgalwes;82068.0;62.0;vorstand;Beatrice Smith;;;;;;;
;;;;;;;;;;;;;;;183.0;Stanley Cruz;2000-03-31;Zebnaz Path;32.0;;15505.0;13.0;trainer;Stanley Cruz;;;;;;;
;;;;m;;;;;;;;;;;184.0;Nora Meyer;1987-07-08;Zotzic Parkway;31.0;Vamokdi;2595.0;12.0;trainer;Nora Meyer;;;;;;;
;;;;maennlich;;;;;;;;;;;185.0;Walter Chavez;1972-09-02;Mitbu Pike;30.0;Iwofuwa;93354.0;28.0;schriftfuehrer;Walter Chavez;;;;;;;
;;;;maennlich;;;;;;;;;;;186.0;Hettie Caldwell;1998-05-30;Wugeg Pass;59.0;Babufa;80108.0;40.0;mitglied;Hettie Caldwell;;;;;;;
;;;;w;;;;;;;;;;;187.0;Lawrence Harper;1965-01-25;Wegzu Pike;29.0;Foguslo;9987.0;33.0;trainer;Lawrence Harper;;;;;;;
;;;;;;;;;;;;;;;188.0;Phillip Obrien;1994-02-19;Ravpop Path;62.0;Tuvuoci;68282.0;69.0;trainer;Phillip Obrien;;;;;;;
;;;;m;;;;;;;;;;;189.0;Eula Reynolds;1960-03-28;Pija Pike;25.0;Etasele;56026.0;95.0;trainer;Eula Reynolds;;;;;;;
;;;;;;;;;;;;;;;190.0;Tillie Griffin;1977-08-14;Witpuc Highway;63.0;Suihci;20539.0;9.0;schriftfuehrer;Tillie Griffin;;;;;;;
;;;;w;;;;;;;;;;;191.0;Matilda Thornton;1990-08-18;Vawjed Point;22.0;Mobatraw;84680.0;98.0;schriftfuehrer;Matilda Thornton;;;;;;;
;;;;;;;;;;;;;;;192.0;Jose McCormick;1996-08-04;Niksug Mill;45.0;Mokidhi;1364.0;52.0;schriftfuehrer;Jose McCormick;;;;;;;
;;;;;;;;;;;;;;;193.0;Isabel Ramos;1977-08-18;Sook Court;36.0;Gozagoin;98019.0;3.0;schriftfuehrer;Isabel Ramos;;;;;;;
;;;;weiblich;;;;;;;;;;;194.0;Jayden Norton;1964-10-03;Tejave Circle;23.0;Kizhuru;47728.0;69.0;mitglied;Jayden Norton;;;;;;;
;;;;weiblich;;;;;;;;;;;195.0;Kenneth Marshall;1960-03-19;Betu Lane;50.0;Iftaifu;34810.0;79.0;mitglied;Kenneth Marshall;;;;;;;
;;;;maennlich;;;;;;;;;;;196.0;Augusta Moran;1977-09-13;Hihso Avenue;45.0;Joazofo;57270.0;26.0;vorstand;Augusta Moran;;;;;;;
;;;;w;;;;;;;;;;;197.0;Corey Bryant;1980-05-25;Wafah Extension;39.0;Zisizmiw;75476.0;21.0;mitglied;Corey Bryant;;;;;;;
;;;;w;;;;;;;;;;;198.0;Pearl Malone;1965-09-02;Rujilo Trail;61.0;Wullomi;23092.0;21.0;vorstand;Pearl Malone;;;;;;;
;;;;m;;;;;;;;;;;199.0;Jean Erickson;1994-09-28;Ikro River;45.0;Heruati;71329.0;55.0;mitglied;Jean Erickson;;;;;;;
;;;;;;;;;;;;;;;200.0;Larry Rodriguez;1979-12-30;Gakgu Park;23.0;Iwsicij;68793.0;43.0;mitglied;Larry Rodriguez;;;;;;;
;;;;;;;;;;;;;;;201.0;Rebecca Morris;1970-06-12;Sadode Boulevard;34.0;Kosnovzot;45926.0;7.0;trainer;Rebecca Morris;;;;;;;
;;;;;;;;;;;;;;;202.0;Harvey Todd;1997-08-06;Jajim Square;22.0;Nadorvot;18985.0;63.0;trainer;Harvey Todd;;;;;;;
;;;;;;;;;;;;;;;203.0;Flora Klein;1986-09-10;Zulhes Junction;41.0;Hoviic;29164.0;39.0;mitglied;Flora Klein;;;;;;;
;;;;;;;;;;;;;;;204.0;Travis Buchanan;1994-07-06;Zete Square;18.0;Jonkicdeh;37834.0;43.0;schriftfuehrer;Travis Buchanan;;;;;;;
;;;;w;;;;;;;;;;;205.0;Ruth Sanchez;1998-11-30;Leniju Extension;19.0;Doatvub;18762.0;66.0;schriftfuehrer;Ruth Sanchez;;;;;;;
;;;;m;;;;;;;;;;;206.0;Gerald Sullivan;1966-01-27;Doro Way;43.0;Capupvep;49776.0;47.0;vorstand;Gerald Sullivan;;;;;;;
;;;;w;;;;;;;;;;;207.0;Phillip Barker;1986-12-23;Okiut Drive;53.0;Uwroku;68511.0;70.0;trainer;Phillip Barker;;;;;;;
;;;;w;;;;;;;;;;;208.0;Ellen Erickson;2005-04-26;Teat Place;62.0;Zedaaz;97271.0;84.0;trainer;Ellen Erickson;;;;;;;
;;;;weiblich;;;;;;;;;;;209.0;Leonard Mendoza;1979-10-01;Pajvuv Parkway;48.0;Utiedtun;70460.0;70.0;trainer;Leonard Mendoza;;;;;;;
;;;;maennlich;;;;;;;;;;;210.0;Fannie McKinney;1979-07-31;Pubil Plaza;29.0;Oguuwve;18576.0;90.0;mitglied;Fannie McKinney;;;;;;;
;;;;weiblich;;;;;;;;;;;211.0;Hettie Schultz;1959-05-10;Gecfac Loop;45.0;Ipbalor;16917.0;44.0;trainer;Hettie Schultz;;;;;;;
;;;;w;;;;;;;;;;;212.0;Isaac Aguilar;1959-09-25;Jupra Junction;61.0;Cilistir;71488.0;84.0;vorstand;Isaac Aguilar;;;;;;;
;;;;maennlich;;;;;;;;;;;213.0;Henrietta Nichols;1967-05-31;Lucaku Plaza;49.0;Okijdo;94152.0;6.0;trainer;Henrietta Nichols;;;;;;;
;;;;weiblich;;;;;;;;;;;214.0;Isaiah Summers;1964-05-12;Immu Junction;27.0;Niegula;10735.0;18.0;schriftfuehrer;Isaiah Summers;;;;;;;
;;;;weiblich;;;;;;;;;;;215.0;Chris Dawson;1966-05-22;Hagro Ridge;52.0;Cuhodku;40491.0;29.0;vorstand;Chris Dawson;;;;;;;
;;;;maennlich;;;;;;;;;;;216.0;Corey Welch;1980-09-07;Gerob Plaza;37.0;Mefhucofa;52361.0;84.0;mitglied;Corey Welch;;;;;;;
;;;;maennlich;;;;;;;;;;;217.0;Eugene Lindsey;1991-08-19;Satok River;31.0;Nidekej;52895.0;46.0;trainer;Eugene Lindsey;;;;;;;
;;;;m;;;;;;;;;;;218.0;Corey Jensen;1993-04-13;Onokec Center;27.0;Lopiwow;25730.0;56.0;vorstand;Corey Jensen;;;;;;;
;;;;w;;;;;;;;;;;219.0;Myra Campbell;1983-06-11;Asjur Lane;36.0;Zanufgef;28375.0;56.0;schriftfuehrer;Myra Campbell;;;;;;;
;;;;weiblich;;;;;;;;;;;220.0;Jesus Osborne;1976-01-25;;27.0;;59495.0;52.0;trainer;Jesus Osborne;;;;;;;
;;;;weiblich;;;;;;;;;;;221.0;Gerald Wagner;1985-04-03;Vedew Manor;28.0;Wahjohgoz;36861.0;32.0;vorstand;Gerald Wagner;;;;;;;
;;;;m;;;;;;;;;;;222.0;Glen Taylor;2001-04-16;Ruobu Plaza;20.0;Hocdanihu;57197.0;74.0;vorstand;Glen Taylor;;;;;;;
;;;;m;;;;;;;;;;;223.0;Jesus Cole;2003-08-02;Codha Point;56.0;Dejagkam;6093.0;89.0;vorstand;Jesus Cole;;;;;;;
;;;;;;;;;;;;;;;224.0;Dale Jordan;1958-12-17;Zapba Loop;35.0;Rusuwi;56730.0;94.0;mitglied;Dale Jordan;;;;;;;
;;;;;;;;;;;;;;;225.0;Victor Diaz;1976-11-20;Acwin Street;32.0;Jadavwat;82837.0;91.0;vorstand;Victor Diaz;;;;;;;
;;;;maennlich;;;;;;;;;;;226.0;Theresa Cannon;1989-07-20;Sadej View;30.0;Bawliip;25614.0;97.0;schriftfuehrer;Theresa Cannon;;;;;;;
;;;;weiblich;;;;;;;;;;;227.0;Lida Brooks;1971-11-27;Jestic Square;23.0;Bubebo;64358.0;46.0;schriftfuehrer;Lida Brooks;;;;;;;
;;;;maennlich;;;;;;;;;;;228.0;Ophelia Pearson;1965-08-01;Urga Grove;24.0;Jurabma;49682.0;76.0;mitglied;Ophelia Pearson;;;;;;;
;;;;w;;;;;;;;;;;229.0;Laura Medina;1996-07-24;Akola Key;41.0;Vakizuda;95571.0;59.0;trainer;Laura Medina;;;;;;;
;;;;;;;;;;;;;;;230.0;Nancy Saunders;1983-11-06;Zibom Mill;47.0;Hethubare;81219.0;28.0;mitglied;Nancy Saunders;;;;;;;
;;;;;;;;;;;;;;;231.0;Grace Holmes;1996-04-11;Suzod Place;57.0;Kusgurad;46867.0;17.0;schriftfuehrer;Grace Holmes;;;;;;;
;;;;;;;;;;;;;;;232.0;Cynthia Douglas;1963-05-25;Hinoda Road;20.0;Moumufu;46195.0;14.0;mitglied;Cynthia Douglas;;;;;;;
;;;;;;;;;;;;;;;233.0;Harry Wilkins;1979-05-10;Nujsan Place;42.0;Gahatin;56161.0;23.0;trainer;Harry Wilkins;;;;;;;
;;;;weiblich;;;;;;;;;;;234.0;Louise Simmons;1984-10-28;Wopco Parkway;42.0;Zukufefo;15385.0;63.0;trainer;Louise Simmons;;;;;;;
;;;;w;;;;;;;;;;;235.0;Dustin Fuller;1995-09-21;Posale Drive;55.0;Ceraopi;74510.0;29.0;mitglied;Dustin Fuller;;;;;;;
;;;;m;;;;;;;;;;;236.0;Louisa Hernandez;2003-03-12;Fofzut Square;49.0;Bicijrej;70392.0;32.0;schriftfuehrer;Louisa Hernandez;;;;;;;
;;;;w;;;;;;;;;;;237.0;Evan Barnett;1966-06-01;Keve Manor;19.0;Butemumu;61388.0;94.0;trainer;Evan Barnett;;;;;;;
;;;;;;;;;;;;;;;238.0;Flora Fuller;1975-07-29;Apcew Manor;50.0;Zaveguda;35633.0;56.0;mitglied;Flora Fuller;;;;;;;
;;;;;;;;;;;;;;;239.0;Olga Strickland;1959-01-21;Sirhoc Lane;43.0;Ogabezla;31164.0;50.0;mitglied;Olga Strickland;;;;;;;
;;;;maennlich;;;;;;;;;;;240.0;Tillie Sutton;1983-03-29;Compe Key;52.0;Cisiro;25196.0;24.0;mitglied;Tillie Sutton;;;;;;;
;;;;;;;;;;;;;;;241.0;Vernon Newman;1993-05-03;Hico Circle;58.0;Uwedekpe;70523.0;27.0;mitglied;Vernon Newman;;;;;;;
;;;;;;;;;;;;;;;242.0;Ricky Lyons;1996-04-02;Tezpo Extension;29.0;Mekaha;3991.0;51.0;vorstand;Ricky Lyons;;;;;;;
;;;;weiblich;;;;;;;;;;;243.0;Teresa Roy;1993-02-18;Biilu Turnpike;53.0;Pasawiti;1152.0;96.0;schriftfuehrer;Teresa Roy;;;;;;;
;;;;weiblich;;;;;;;;;;;244.0;Trevor Davidson;2002-04-28;Silcuf Path;18.0;Zecanlut;18382.0;15.0;vorstand;Trevor Davidson;;;;;;;
;;;;w;;;;;;;;;;;245.0;Theodore Rowe;1981-06-03;Pemeh Way;30.0;Uzjonumo;27538.0;57.0;schriftfuehrer;Theodore Rowe;;;;;;;
;;;;m;;;;;;;;;;;246.0;Madge Watts;1994-07-21;Tihwe Heights;24.0;Ceivneh;12956.0;81.0;schriftfuehrer;Madge Watts;;;;;;;
;;;;w;;;;;;;;;;;247.0;Connor Page;1999-07-04;Ilvur Heights;60.0;Voluphe;42933.0;77.0;schriftfuehrer;Connor Page;;;;;;;
;;;;weiblich;;;;;;;;;;;248.0;Luella Parker;1974-10-17;Efmu Extension;48.0;Votedatiw;94667.0;67.0;trainer;Luella Parker;;;;;;;
;;;;m;;;;;;;;;;;249.0;Theodore Santiago;1976-02-13;Adzul Key;47.0;Vohumi;63999.0;11.0;trainer;Theodore Santiago;;;;;;;
;;;;;;;;;;;;;;;250.0;Rodney Nelson;1999-12-07;Zisno Square;29.0;Piiwmu;55801.0;92.0;vorstand;Rodney Nelson;;;;;;;
;;;;m;;amzernar@okiige.es;;;;Ehezakizi;8468;;;;;Agnes Logan;;;;;;;;;1.0;j;21.06.1966;Uljev Loop;25.0;9.0;
;;;;d;;mitnokfez@taj.jo;;;;Bufunedem;12240;;;;;Roxie Barber;;;;;;;;;2.0;j;23.10.1963;Dotuf Parkway;54.0;8.0;9.0
;;;;w;;wod@hugode.ga;;;;Ikenobav;81209;;;;;Estelle Olson;;;;;;;;;3.0;n;08.10.1966;Suit Park;41.0;;11.0
;;;;w;;da@adle.bd;;;;Calvikiva;82295;;;;;Shawn Owen;;;;;;;;;4.0;j;28.09.1980;Nubpod Turnpike;65.0;10.0;13.0
;;;;d;;lionecu@cun.gy;;;;Faetaimo;46936;;;;;Maggie Ross;;;;;;;;;5.0;j;11.09.2000;Weja Court;57.0;1.0;2.0
;;;;d;;ceunwi@ko.lb;;;;Jeesaepa;81684;;;;;Caleb Torres;;;;;;;;;6.0;j;20.06.1977;Kiemu Key;52.0;10.0;5.0
;;;;w;;laga@cutes.py;;;;Olivovuwo;62235;;;;;Adrian Schneider;;;;;;;;;7.0;n;10.08.1959;Edijo Trail;53.0;6.0;9.0
;;;;m;;pid@za.co.uk;;;;Pevnajagu;64028;;;;;Arthur Hanson;;;;;;;;;8.0;;11.10.1960;Binoke Heights;65.0;7.0;5.0
;;;;d;;gabug@fimerkiw.su;;;;Awbepe;49859;;;;;Alvin Sparks;;;;;;;;;9.0;n;26.04.1969;Umisik Loop;65.0;6.0;17.0
;;;;m;;oh@binasva.cx;;;;Vihhibi;24207;;;;;Johanna Shaw;;;;;;;;;10.0;n;10.05.1972;Tida Avenue;57.0;6.0;19.0
;;;;d;;vo@wa.gs;;;;Guirijor;85911;;;;;Lester Colon;;;;;;;;;11.0;j;07.12.1994;Jijer Pike;57.0;3.0;12.0
;;;;m;;gejoozo@zocavzo.kg;;;;Utowocjap;76791;;;;;Nelle Spencer;;;;;;;;;12.0;j;18.04.1999;Namu Ridge;55.0;1.0;13.0
;;;;m;;kubavgek@mitu.za;;;;Peconak;74938;;;;;Gene Bowen;;;;;;;;;13.0;j;12.09.1979;Ejowe Key;43.0;;16.0
;;;;d;;ziz@ugo.sy;;;;Isrezduh;85797;;;;;Hannah Vargas;;;;;;;;;14.0;n;17.10.1992;Ruktid Point;55.0;6.0;3.0
;;;;d;;ewo@an.vn;;;;Dussegob;63677;;;;;Ethel Chavez;;;;;;;;;15.0;n;09.04.1992;Ajoki Terrace;62.0;;14.0
;;;;m;;refu@pamevoj.cw;;;;Rumovais;56052;;;;;Gertrude Guzman;;;;;;;;;16.0;j;13.06.1984;Udotab Turnpike;58.0;8.0;14.0
;;;;d;;elwo@bilmuvoj.re;;;;Zuabiewe;65072;;;;;Nelle Quinn;;;;;;;;;17.0;j;09.09.1958;Wuko Trail;42.0;3.0;5.0
;;;;w;;ike@fadnociz.zm;;;;Tehibiki;36188;;;;;Kevin Wade;;;;;;;;;18.0;j;21.07.1971;Hikop Turnpike;25.0;2.0;13.0
;;;;m;;zafruh@feri.tg;;;;Okobagev;36614;;;;;Hettie Ruiz;;;;;;;;;19.0;j;10.01.2004;Fokka Circle;64.0;10.0;14.0
;;;;w;;zub@fihupdo.ck;;;;Debkakih;95357;;;;;Blanche Wolfe;;;;;;;;;21.0;n;23.07.2000;Zaaze Loop;32.0;1.0;4.0
;;;;w;;vonbog@durerola.ss;;;;Ifawake;95357;;;;;Allen Dean;;;;;;;;;22.0;n;19.04.1980;Jefu Terrace;38.0;8.0;18.0
;;;;d;;ive@gasuzku.er;;;;Zihucto;46155;;;;;Hallie Lamb;;;;;;;;;23.0;n;25.02.1963;Luhahu Junction;36.0;8.0;9.0
;;;;d;;ature@fepobnow.gov;;;;Dafauro;11298;;;;;Eugene Jimenez;;;;;;;;;24.0;;26.07.1965;Wenve Ridge;44.0;5.0;11.0
;;;;w;;tecisbe@tezcasren.kn;;;;Oneemro;10898;;;;;Nell McCoy;;;;;;;;;25.0;n;01.02.1969;Fasap View;23.0;4.0;
;;;;d;;cotehna@su.nz;;;;Elazicuri;12897;;;;;Dominic Marshall;;;;;;;;;26.0;j;14.07.1981;Vude Way;35.0;5.0;19.0
;;;;d;;if@sizwum.si;;;;Zabadami;22485;;;;;Keith Glover;;;;;;;;;27.0;j;25.11.1962;Dijgav Square;32.0;7.0;6.0
;;;;m;;cibtemmip@rijep.bq;;;;Veenuab;91692;;;;;Harriett Hawkins;;;;;;;;;28.0;n;10.06.1985;Lunas Turnpike;54.0;4.0;15.0
;;;;w;;wepfiwuj@oki.kg;;;;Fufukvow;98212;;;;;Evan Swanson;;;;;;;;;29.0;j;23.07.1959;Kawme Parkway;23.0;10.0;17.0
;;;;w;;cofucis@faragdid.su;;;;Kaheawu;61633;;;;;James Schultz;;;;;;;;;30.0;j;01.04.1994;Mobe Junction;57.0;4.0;19.0
;;;;d;;suiwuig@kuzenpul.mk;;;;Fononud;23568;;;;;Mark Wilkins;;;;;;;;;31.0;j;12.07.1981;Ronba Circle;65.0;9.0;5.0
;;;;w;;ate@je.ye;;;;Mosuvi;11958;;;;;Chris Boyd;;;;;;;;;32.0;n;11.11.1993;Lofo Way;30.0;8.0;12.0
;;;;w;;saavuguk@pefijzac.pf;;;;Hulrugev;67339;;;;;Inez Robbins;;;;;;;;;33.0;n;06.06.1972;Juvi Pike;20.0;4.0;19.0
;;;;m;;losjo@ko.cu;;;;Jolbiej;74984;;;;;Pauline Leonard;;;;;;;;;34.0;;11.06.1999;Sain View;29.0;6.0;1.0
;;;;w;;gipsuewo@lot.mc;;;;Bogregse;96362;;;;;Eric Robinson;;;;;;;;;35.0;n;26.07.1993;Zojah Loop;28.0;2.0;6.0
;;;;m;;wommopuku@goheras.gg;;;;Udperuw;81205;;;;;Barry Ballard;;;;;;;;;36.0;j;16.12.1987;Nogi Square;52.0;1.0;9.0
;;;;d;;ap@rajeb.ua;;;;Laolfe;58503;;;;;Lizzie Elliott;;;;;;;;;37.0;j;29.05.1985;Ganwa Manor;42.0;4.0;15.0
;;;;d;;muhifro@jifigki.gt;;;;Boajfu;67524;;;;;Francis Gonzalez;;;;;;;;;38.0;j;20.10.1980;Awsop Junction;28.0;7.0;15.0
;;;;w;;vil@daje.la;;;;Furmagwim;47552;;;;;Leah Pierce;;;;;;;;;39.0;n;23.01.1980;Jujab Pass;31.0;3.0;20.0
;;;;m;;bi@is.eh;;;;Hibowbet;15691;;;;;Esther Cunningham;;;;;;;;;40.0;j;08.02.1993;Onwu Road;25.0;9.0;5.0
;;;;d;;labziweb@mac.ne;;;;Zamroguk;13678;;;;;Irene Hughes;;;;;;;;;41.0;j;15.06.2003;Inico Park;59.0;8.0;6.0
;;;;w;;ig@ni.hm;;;;Fucasjab;47939;;;;;Maria Drake;;;;;;;;;42.0;j;08.02.1963;Cigem Loop;23.0;10.0;3.0
;;;;m;;piosiiji@deczukhu.vn;;;;Mohohcu;81824;;;;;Ricky Pratt;;;;;;;;;43.0;;24.05.1999;Poahu Path;23.0;3.0;
;;;;w;;pedamava@romovpa.ss;;;;Kalopuc;74014;;;;;Carrie Ruiz;;;;;;;;;44.0;j;24.05.1969;Ivde Parkway;28.0;;15.0
;;;;m;;iduawa@hun.fi;;;;Zacjezam;45481;;;;;Linnie Mason;;;;;;;;;45.0;n;29.07.1991;Afuan Street;56.0;7.0;14.0
;;;;w;;pepnu@akanigmiw.ng;;;;Tomogni;94296;;;;;Charles Evans;;;;;;;;;46.0;n;19.11.1999;Icuduf Plaza;22.0;6.0;17.0
;;;;d;;daukorap@por.id;;;;Lemmuriw;61309;;;;;Olga McCormick;;;;;;;;;47.0;n;02.06.1984;Kurpek Way;37.0;9.0;9.0
;;;;m;;bor@mec.fi;;;;Dirikkeg;23973;;;;;Theresa Cortez;;;;;;;;;48.0;j;20.11.2004;Nihzaj Glen;61.0;4.0;15.0
;;;;w;;samor@coganmo.ca;;;;Lukafok;38781;;;;;Lida Cunningham;;;;;;;;;49.0;j;13.12.2004;Efmac Loop;47.0;9.0;12.0
;;;;m;;pe@ruf.md;;;;Leuzavuj;10128;;;;;Trevor Brewer;;;;;;;;;50.0;j;29.11.1965;Zajek Place;42.0;9.0;7.0
;;;;w;;voevare@sa.ae;;;;Zonilkos;4703;;;;;Grace McDaniel;;;;;;;;;52.0;n;23.07.1990;Zamu Key;41.0;;1.0
;;;;d;;icsure@afosuver.sb;;;;Tapugoera;59076;;;;;Evelyn Barnett;;;;;;;;;53.0;n;16.05.2003;Wavi Ridge;31.0;3.0;13.0
;;;;m;;im@sejipi.af;;;;Mokabibiz;4703;;;;;Todd Ferguson;;;;;;;;;54.0;n;19.08.1996;Lonul Highway;24.0;7.0;18.0
;;;;m;;ja@ezijego.ky;;;;Fuswuwdul;10769;;;;;Lilly Andrews;;;;;;;;;55.0;n;16.10.1964;Noga Court;41.0;7.0;16.0
;;;;f;;teplikiku@lofulog.bj;;;;Berugepum;87979;;;;;Rosalie Benson;;;;;;;;;56.0;j;01.03.1979;Afeano Highway;35.0;5.0;10.0
;;;;m;;vum@vazuzto.gu;;;;Foczodon;39147;;;;;Amanda Miles;;;;;;;;;57.0;j;;Rodrer Point;52.0;13.0;
;;;;m;;lonjop@web.com;;;;Momokini;49551;;;;;Jerome Young;;;;;;;;;58.0;j;10.01.1990;Wivu Plaza;65.0;;9.0
;;;;m;;;;;;Hocdanihu;85326;;;;;Glen Taylor;;;;;;;;;59.0;n;16.04.2001;Ruobu Plaza;20.0;74.0;
;;;;;;;;;;;64818;;;;;;;;;;;;;;;;;;;;
;;;;;;;;;;;57197;;;;;;;;;;;;;;;;;;;;
